Animais,Comidas,Livros,Filmes,Objetos
BORDER COLLIE,TAPIOCA,IRACEMA,LA LA LAND,LAPISEIRA
PIRARUCU,BEIJU,DOM CASMURRO,O AUTO DA COMPADECIDA,RETROPROJETOR
BULLDOG,GRAVIOLA,TRISTE FIM DE POLICARPO QUARESMA,AINDA ESTOU AQUI,AGUILHA
GALINHA DA ANGOLA,FEIJOADA,QUARTO DE DESPEJO,CENTRAL DO BRASIL,BORRIFADOR
ORNITORRINCO,DADINHO DE TAPIOCA,O ALIENISTA,HIGH SCHOOL MUSICAL,FIVELA
PESCADA AMARELA,YAKISSOBA,JANTAR SECRETO,PARASITA,COLDRE
MAMUTE,PIZZA,O JARDIM DE BRONZE,O DRAMA,BERIMBAU
BOTO COR DE ROSA,CUSCUZ,A HORA DA ESTRELA,AFTERSUN,BISTURI
RINOCERONTE,FAROFA,OS SETE MARIDOS DE EVELYN HUGO,CURTINDO A VIDA ADOIDADO,CRIMPADOR
CACATUA,ARROZ CARRETEIRO,O ESTRANGEIRO,AQUARIUS,AMPULHETA
ARARA AZUL,ESTROGONOFE,O IMPULSO,O AGENTE SECRETO,ALFORJE
TUCANO,BOLINHO DE CHUVA,VIDAS SECAS,DE VOLTA PARA O FUTURO,AZULEJO
CAPIVARA,UNHA DE CARANGUEJO,ENSAIO SOBRE A CEGUEIRA,ANTES DO AMANHECER,ANZOL